season,episode,ev_download_link
1,1,https://movearnpre.com/download/jvl9dsyn9psc
3,19,https://movearnpre.com/download/p192t0mmk9c7
3,21,https://movearnpre.com/download/v3ap80ebetkf
4,18,https://movearnpre.com/download/i1ygp429fawp
5,1,https://movearnpre.com/download/4k24botjxn0d
5,2,https://movearnpre.com/download/3v7piyaek40b
5,10,https://movearnpre.com/download/rwybshs0s3y5
6,4,https://movearnpre.com/download/djfz3xkwfwpz
6,5,https://movearnpre.com/download/7stidtf3gsdg
6,8,https://movearnpre.com/download/feefxqe2qphg
6,12,https://movearnpre.com/download/1sntzo256fvu
7,2,https://movearnpre.com/download/ywlnz5ys0gwa
7,3,https://movearnpre.com/download/p9zs5kg35d0f
7,6,https://movearnpre.com/download/ub5fgb4uos0q
7,13,https://movearnpre.com/download/47di79o7bn5w
8,1,https://movearnpre.com/download/up6a9u1imyrl
8,14,https://movearnpre.com/download/9glu0avpmk81
8,17,https://movearnpre.com/download/kc99430yutg3
8,18,https://movearnpre.com/download/0356q1pn03rm
8,19,https://movearnpre.com/download/aylllsm3s96f
9,1,https://movearnpre.com/download/6872et8jqfqx
9,4,https://movearnpre.com/download/2w0t9xuydyo3
9,10,https://movearnpre.com/download/dxk6t6b38e4v
10,5,https://movearnpre.com/download/dgxf0pva6x6h
10,11,https://movearnpre.com/download/vbe0qyldgr6y
10,17,https://movearnpre.com/download/hzi2fmk3d9dn
12,2,https://movearnpre.com/download/03hcx2g8a8c0
